blockNumber,timestamp,transactionHash,from,to,toCreate,fromIsContract,toIsContract,value,gasLimit,gasPrice,gasUsed,callingFunction,isError,eip2718type,baseFeePerGas,maxFeePerGas,maxPriorityFeePerGas,blobHashes,blobBaseFeePerGas,blobGasUsed
20000000,1717281407,0xbb4b3fc2b746877dce70862850602f1d19bd890ab4db47e6b7ee1da1fe578a0d,0xae2fc483527b8ef99eb5d9b44875f005ba1fae13,0x6b75d8af000000e20b7a7ddf000ba900b4009a80,None,0,1,1050180096,458541,4936957716,320979,0x091a4fc4,None,2,4936957716,4936957716,0,None,None,None
20000000,1717281407,0x541a536cd7ce7e9990876b7a49041f21590cd92251e699d9d924c0abbb2e98ba,0xea3ea09394f5e925ae7592dff1d675558d0831fd,0x3fc91a3afd70395cd496c647d5a6cc9d4b2b7fad,None,0,1,20000000000000000,210402,4937927716,138188,0x3593564c,None,2,4936957716,6891583126,970000,None,None,None
20000000,1717281407,0x273962e00767d8989b4def781a4f89d0eb44f8d3a9bb95582aa4c51275571fbe,0x7c925c1286654d3b720a1293d8d0821d12ebe335,0xf3de3c0d654fda23dad170f0f320a92172509127,None,0,1,0,238021,7444075741,183267,0x9871efa4,None,2,4936957716,7444075741,7444075741,None,None,None
20000000,1717281407,0xb55cffb5003e6ce862bc49d241be3551f62a332e47291346681b30ea093a6ab8,0x889823b1163174a05a42128b69b4e80243b88d0e,0x3fc91a3afd70395cd496c647d5a6cc9d4b2b7fad,None,0,1,300000000000000000,276670,4985457716,182417,0x3593564c,None,2,4936957716,7029810190,48500000,None,None,None
20000000,1717281407,0x98e455ecf0bfc642f3d9d66708ae36f2d469cdd0047505efbe37ef0ef96b4626,0x94dd5e55f9b4fcf9968f2102ed46ed2762f88211,0xe43ca1dee3f0fc1e2df73a0745674545f11a59f5,None,0,1,220000000000000000,210420,6000000000,118562,0x2646478b,None,2,4936957716,6000000000,2000000000,None,None,None
20000000,1717281407,0xfb295b3fa67ceb64c68f5fb48ca0f5aa88827e44022d49f2d5f07707965dbe14,0xae2fc483527b8ef99eb5d9b44875f005ba1fae13,0x6b75d8af000000e20b7a7ddf000ba900b4009a80,None,0,1,1347361024,390157,30034164553,273110,0x7f3a5eaa,None,2,4936957716,30034164553,30034164553,None,None,None
20000000,1717281407,0x218193bd084562231ac3789c66d4393ba75fb63b9588ac75af4c83625ad45050,0x99b2c5d50086b02f83e791633c5660fbb8344653,0xf4f748d45e03a70a9473394b28c3c7b5572dfa82,None,0,1,0,2971671,7376957716,965157,0x36df7ea5,None,2,4936957716,12376957716,2440000000,None,None,None
20000000,1717281407,0x37d32f4d7ee6f2035a01acbf456cb857afd22da7e3a02f55e2aaed81bc327ad8,0x2aa08118a4967531fe759dcc7fde1a655037f293,0x5ddf30555ee9545c8982626b7e3b6f70e5c2635f,None,0,1,101000000000000000,370365,11936957716,140718,0x1d0a9fdf,None,2,4936957716,13248337108,7000000000,None,None,None
20000000,1717281407,0x79c7bf4139674b3feb1357630b44f73646a153ba8a284d0af315c899e8142659,0x54620b9a8a2c43aa8ed028450a7ce656a9c69feb,0xf114144993f279429ee8953837f0332c7ddbfb39,None,0,1,131809440455744336,153336,10184108001,113808,0x8801b362,None,2,4936957716,10184108001,5247150285,None,None,None
20000000,1717281407,0x8baee891afdb195824f497efa57c3204694913be67b5747a326a376f0a44b4d0,0xceaad947f68f5097d36e613ea182284f56725c1b,0x80a64c6d7f12c47b7c66c5b4e20e72bc1fcd5d9e,None,0,1,100000000000000000,261528,7936957716,148336,0x088890dc,None,2,4936957716,9248337109,3000000000,None,None,None
20000000,1717281407,0xbe83b7287a3977882f5abf77167a046f5f38c346077e5cf884f4449a8dbf81c0,0x11235534a66a33c366b84933d5202c841539d1c9,0x22ce84a7f86662b78e49c6ec9e51d60fdde7b70a,None,0,1,0,305781,7507492681,164042,0xec85c96e,None,0,4936957716,None,None,None,None,None
20000000,1717281407,0xcfc23fbd9f35b3bbdba845746df635b0e0805442c220ce3ebf1c48901cac19f4,0xd267fda7ecbe322e64bf807de06e8e2284b72da9,0xd42b0ecf8a9f8ba9db7b0c989d73cf0bd5f83b66,None,0,1,77,274739,6479821120,211338,0x05f497df,None,2,4936957716,6479821120,6479821120,None,None,None
20000000,1717281407,0x5cbf35a2664b90f03b8488225e5071a3737e577cf7e23275acff05a682ef3dde,0x26fd09c8b44af53df38a9bad41d5abc55a1786af,0xcb83ca9633ad057bd88a48a5b6e8108d97ad4472,None,0,1,0,800007,7136957718,132713,0x5e9833a5,None,2,4936957716,9096929930,2200000002,None,None,None
20000000,1717281407,0x56ca6d5e6f2b585aa9548c9c205abee179d67e67848398377a3528c158b67efe,0x5eb4dd17f59bcbc86f98cd459b01b8fe650b321b,0x111111125421ca6dc452d289314280a0f8842a65,None,0,1,0,196741,6941807716,136396,0x83800a8e,None,2,4936957716,8000000000,2004850000,None,None,None
20000000,1717281407,0x977bdaaa2ff1c220d16473d9e3a4b81845ba5aca4de6fed440cf0adcc5a521b4,0xcf46235341b6329ed5a72cca00ca286a02d5c7cb,0x3fc91a3afd70395cd496c647d5a6cc9d4b2b7fad,None,0,1,0,251655,4937927716,176047,0x3593564c,None,2,4936957716,6805436936,970000,None,None,None
20000000,1717281407,0x19af83cd861a08e9a63515bb2d1d88f41f44780aa8bf2e08cb1ca700224c6475,0x0e847b5cf7fe5ae3122f30c303e42aa4bcab713b,0x0000000000000068f116a894984e2db1123eb395,None,0,1,56899000000000000,206104,4937927716,156136,0x00000000,None,2,4936957716,6559115801,970000,None,None,None
20000000,1717281407,0x75a77b2262f838bccb52a784b2651d93ede0d9f868b0a5a63cd7543d0c6e52bb,0xe9a22994c2fd147d9d753709b4a208876f3fb20e,0x3fc91a3afd70395cd496c647d5a6cc9d4b2b7fad,None,0,1,28648000000000000,202178,4937927716,139924,0x3593564c,None,2,4936957716,6805436936,970000,None,None,None
20000000,1717281407,0x8296a35d9746f0a146ba84f45eca3cbf75d53f4e9da60cfa66cca72c3f4b3843,0x771e47c039ec97460f97d7ed0f033df70ebdcb78,0xec53bf9167f50cdeb3ae105f56099aaab9061f83,None,0,1,0,54262,4937927716,53467,0x095ea7b3,None,2,4936957716,6805436936,970000,None,None,None
20000000,1717281407,0xa87090960fd8768a0f6209c968583111c90b5fe3317322be82e00516e723cb83,0x079c298311e7d376a845c8d4756998b256a947b2,0xb131f4a55907b10d1f0a50d8ab8fa09ec342cd74,None,0,1,0,77410,4937927716,46638,0xa9059cbb,None,2,4936957716,6805436936,970000,None,None,None
20000000,1717281407,0x2a5e9523ac77ebe092f02217c3217d53411ee21e039f8880f88368fd8b77fe10,0xa5b1edac64871b302dc94b0eca144738f9f43d80,0x81e019dc564d5f906e0915e3818f69cc4b3c0804,None,0,1,0,112872,24936957716,46647,0x095ea7b3,None,2,4936957716,25430653487,20000000000,None,None,None
20000000,1717281407,0x0bf9a8588b3bb7e801248edd031e18a6566c56ef952236040e7f53e1fe9d1f74,0x7077eb3743436724cc16c8689df4659366b6876f,0x7a250d5630b4cf539739df2c5dacb4c659f2488d,None,0,1,0,350000,10009990242,123092,0x38ed1739,None,0,4936957716,None,None,None,None,None
20000000,1717281407,0x0ff07f37baa7fa26bb7de3d3fc63002bf0acf3295bdab7f67c108c0d1a3bff15,0x000000633b68f5d8d3a86593ebb815b4663bcbe0,0x06a9ab27c7e2255df1815e6cc0168d7755feb19a,None,0,1,1000000000,3000000,9936957716,287442,0xef16e845,None,3,4936957716,None,None,0x017ba4bd9c166498865a3d08618e333ee84812941b5c3a356971b4a6ffffa574,1,131072
20000000,1717281407,0x653880f701c6badb2ac75ab93425b172c07c6bf622b10feeb1dd91781f023bec,0x148e738c265849c257df1dbcd0faf8545b2f7575,0x000000000000000000000000000000000000dead,None,0,0,0,28000,9638091338,21000,0x,None,2,4936957716,9638091338,5001000000,None,None,None
20000000,1717281407,0x538f01219f31486b1a0bfe614e36a14d1c7b7ce8b6679309e71513d9cc9eb2e9,0x16a8cbcec6995c5f78ef4de7fd64a373723337b3,0xdac17f958d2ee523a2206206994597c13d831ec7,None,0,1,0,46109,9447106791,46109,0xa9059cbb,None,2,4936957716,12166385882,4510149075,None,None,None
20000000,1717281407,0x9e3e70998d70b43bc6e1e19315ef2ab29d096b0d64958169fd1ae7fa6fff4eb6,0x0e9e39190df7a2d38872736910cddfa519e419ca,0x6c24739662e621616f5f7cdac25d61f9fd29eee0,None,0,0,42800000000000000,21000,8765616835,21000,0x,None,2,4936957716,10384216525,3828659119,None,None,None
20000000,1717281407,0xd62c81008707a894edaaf165e3dc7aefa66f67752b8108e1ef7f7b084b5cf8a1,0xf18dbd294b51f027e2644d0ffc1e2ef0df234dcd,0xce9d9689a7f9c713b23203b177a3f69ceb4b5e26,None,0,0,12892511091502000,21000,7936957716,21000,0x,None,2,4936957716,9278660528,3000000000,None,None,None
20000000,1717281407,0xfc86dc0a51b65c1f83efbe11a955cc8c38705b7931dfdb6b50ee9e4cfe9d7c37,0x8eee751a82b92b33aa4c8fbd08e70fd0742055d0,0xdac17f958d2ee523a2206206994597c13d831ec7,None,0,1,0,96046,7936957716,63197,0xa9059cbb,None,2,4936957716,10506037681,3000000000,None,None,None
20000000,1717281407,0xac90ef3a7642688fc7933aa6c8cb2df012c2785e92a4b2e0f3adb7a60d9121b8,0x68176c682ede599a34d01080037d17eb0610eed8,0xa0b86991c6218b36c1d19d4a2e9eb0ce3606eb48,None,0,1,0,94635,7936957716,62260,0xa9059cbb,None,2,4936957716,10506037681,3000000000,None,None,None
20000000,1717281407,0xbadde22b4814da135bcc4721174a8a35e71d7e9ebbdb76ae3f1a6df85992eb61,0xbf94f0ac752c739f623c463b5210a7fb2cbb420b,0xf058c30f398222926521079edbc62ffd31ce4531,None,0,0,779490000000000000,210000,7936957716,21000,0x,None,2,4936957716,200000000000,3000000000,None,None,None
20000000,1717281407,0x58f946238b3f2b6da0315d53007a4a96e7fc0b766256bab24ea4a6a9d79202a4,0xda34c5c1f052297bc73d62097209460cfc7772fa,0x9946287e47871de67546c3504fcdf6f69a4766f0,None,0,0,0,21000,7199726228,21000,0x,None,0,4936957716,None,None,None,None,None
20000000,1717281407,0x3c866b882094d17079d8a08aff23e211a4210c56320ab9805fcf249612e4bd7c,0x324d03c3a77ff8dd934be3ac80a60b216e46dea9,0x917bc6c2284c0718fb3d2dc605337ea9c3d4a782,None,0,0,0,21000,7141592339,21000,0x,None,0,4936957716,None,None,None,None,None
20000000,1717281407,0x9b3bc691bc71121840c92b411c1f85db5cc991ca50e3ef0546685faa4a1dd84e,0x136cab343722c3a34937e27a59acf50951582d63,0x13429346aa87976c4dc2984fbd349c2eca2d9e91,None,0,0,158634650478703345,21000,7004830145,21000,0x,None,2,4936957716,7004830145,7004830145,None,None,None
20000000,1717281407,0x34985180b60cf3f994ebf3a5190e5ff43030f9118c92c4cae7876218bd4ff796,0x123e13ed317c38bd797c89d58261227d573c1234,0xec30cf27e58f64502dfbae040dc3261afd346521,None,0,0,147100000000000,21000,7000000000,21000,0x,None,0,4936957716,None,None,None,None,None
20000000,1717281407,0xb8c889dc02b260528335ad25ccd6f55620083729d06279057bbb634acc95fb52,0x65a8f07bd9a8598e1b5b6c0a88f4779dbc077675,0x3ee18b2214aff97000d974cf647e7c347e8fa585,None,0,1,0,326745,6936957716,279965,0xc6878519,None,2,4936957716,200000000000,2000000000,None,None,None
20000000,1717281407,0xff178f8e9eede32ca37214446c889abc64c943a087bc630dfb88ad2695e262a8,0x95b564f3b3bae3f206aa418667ba000afafacc8a,0x7d1afa7b718fb893db30a3abc0cfc608aacfebb0,None,0,1,0,250000,6936957716,54028,0xa9059cbb,None,2,4936957716,17516932644,2000000000,None,None,None
20000000,1717281407,0x0322e05390b1aea5be968a3da86e03078d6ddf0d939cbf1bba2daf3065ac4a41,0xa8e906a2519f6a93a693825d6ce6cda5481025b3,0x42476f744292107e34519f9c357927074ea3f75d,None,0,1,0,200000,6936957716,51712,0xa9059cbb,None,2,4936957716,10344621762,2000000000,None,None,None
20000000,1717281407,0x4873bd90f2c27d473faa45d09509af35ece61c5a5e0c8432ade937b455af9bf5,0xe9660f4f0ace5b154f0daa6a09e17c75ef19848d,0x808d0aee8db7e7c74faf4b264333afe8c9ccdba4,None,0,0,96854323887964000,21000,6936957716,21000,0x,None,2,4936957716,6936957716,2000000000,None,None,None
20000000,1717281407,0x67a74579ef07f443bad0169883e5145ffb79515054fea35e8cedac88de0f7612,0x808d0aee8db7e7c74faf4b264333afe8c9ccdba4,0x71d3fa01cea186adaa2659397acf7343b5a7ea96,None,0,0,381532674380000,55000,6936957716,21000,0x,None,2,4936957716,11873915432,2000000000,None,None,None
20000000,1717281407,0xc17834150b4884f5be4c8672a5a3e3f2159e4d9795dc477b18643949edf0ed5e,0xdc0ec9febc50bf4342fc23d1bd3ea28a6579e007,0x808d0aee8db7e7c74faf4b264333afe8c9ccdba4,None,0,0,129354323887964000,21000,6936957716,21000,0x,None,2,4936957716,6936957716,2000000000,None,None,None
20000000,1717281407,0x2cab78a163b3e6a62abb1a4d2b3af00aef13876e9626f4b745c20391b5d9fcce,0x808d0aee8db7e7c74faf4b264333afe8c9ccdba4,0x6aaef9b91d5130d3e4defbeea6ade11372986e22,None,0,0,381532674380000,55000,6936957716,21000,0x,None,2,4936957716,11873915432,2000000000,None,None,None
20000000,1717281407,0x1ec2683b7796fe4e3d482999638f390282d464c435233fba0fb777124e9dc4c7,0x345d7bf9f43eb9603ede63b0dbacdfd79709b60a,0xf629cbd94d3791c9250152bd8dfbdf380e2a3b9c,None,0,1,0,49376,6936957716,46642,0x095ea7b3,None,2,4936957716,8333219294,2000000000,None,None,None
20000000,1717281407,0x026eae0611f751819e53e2cbf11680cbb3e3dbf1ebf6b2cade63faffa4241baf,0xff020fc1f01479aceb58892fbf42da2fd0f3c7e2,0x5e8339cf7def890160ecd9c8a36845962797436e,None,0,1,0,53935,6936957716,26617,0x095ea7b3,None,2,4936957716,8195001749,2000000000,None,None,None
20000000,1717281407,0x4501cac90279c4159d1a054374dceab94f503f46ad486c58141195e1bd412520,0xaa0e9a1e2d2ccf2b867fda047bb5394bef1883e0,0x46ec781486e6ad742785c1661aa21142fba1d6be,None,0,0,24144790000000000,50000,6936957716,21000,0x,None,2,4936957716,500000000000,2000000000,None,None,None
20000000,1717281407,0xdf9fd8e11ecad7f54a39ebdb9416937aad33d07f20cbf32c81239f21cfaacfce,0xbbe50690642d55a6b8db0b14a91b90a888473e4b,0xf629cbd94d3791c9250152bd8dfbdf380e2a3b9c,None,0,1,0,49376,6936957716,46642,0x095ea7b3,None,2,4936957716,8333219294,2000000000,None,None,None
20000000,1717281407,0x9877c8d9a7f79ac4bcdb62b0d6ee2a16e8c41818a2a9016957e36c80d391037b,0xff020fc1f01479aceb58892fbf42da2fd0f3c7e2,0x3fc91a3afd70395cd496c647d5a6cc9d4b2b7fad,None,0,1,0,252087,6936957716,195490,0x3593564c,None,2,4936957716,7911004674,2000000000,None,None,None
20000000,1717281407,0x97e19b8b7aa56673d8199a04737740b44af4aa48a39967836b8fd8832008f4e4,0x7bf5e7f398a9b9370dd881e78364b0b1f3bea808,0x3fc91a3afd70395cd496c647d5a6cc9d4b2b7fad,None,0,1,100000000000000,200071,6936957716,145337,0x3593564c,None,2,4936957716,7911004674,2000000000,None,None,None
20000000,1717281407,0x052259e42a11025b0c7b5b1bd4cf63c89d055ff81824929619f426be3ae4a81c,0x574b6e4f585ded798f6045e7c6aadb78ff9b1e05,0xdac17f958d2ee523a2206206994597c13d831ec7,None,0,1,0,51749,6936957716,48897,0x095ea7b3,None,2,4936957716,8333219294,2000000000,None,None,None
20000000,1717281407,0x7b69c95ab6261cad08c5ea3f1d6530a6cd756ed869140cd243b8c51a8c6e7753,0x35eea98cb10d803eb9575929cafc33cf2a43f6d5,0x3fc91a3afd70395cd496c647d5a6cc9d4b2b7fad,None,0,1,900000000000000000,223292,6936957716,153231,0x3593564c,None,2,4936957716,7831781302,2000000000,None,None,None
20000000,1717281407,0x5f7fff669f0f7a4b4767a79ed73434d52f1616ef1bc2c89a7d5ae56ebbfa64fe,0x76746ebed6bf93df13086fa0e940df34cc3f4065,0x3fc91a3afd70395cd496c647d5a6cc9d4b2b7fad,None,0,1,330000000000000000,377597,6936957716,260319,0x3593564c,None,2,4936957716,7831781302,2000000000,None,None,None
20000000,1717281407,0xdc5c9a3cf1c5be9e55066f42bfbded067c93537fba12b1be64b65910cf317172,0x16b7de88808a097caee407697a2fc0f9e4360e41,0x873917b9570d62dd27084d9bd2853e4aec4c7b5b,None,0,0,4000000000000000,24150,6936957716,21000,0x,None,2,4936957716,7831781302,2000000000,None,None,None
20000000,1717281407,0xfa25f9aa6c6b075e374e5ff6deb930169c68ace2f8bb6259d41b27dc8988fde9,0x2af4d59623ba2eb1e7849b770f945b6791ef0f3c,0x9ff62234b9081268b9ac1ed412862e79cfbd69f7,None,0,0,13077201708405341,21000,6780311707,21000,0x,None,2,4936957716,6780311707,2000000000,None,None,None
20000000,1717281407,0xb489fb4ce6d4f763c44b7fca7a68d3a6f3c5562c64458fdb6e2b15598e13754d,0xc73d58d6bd8ab54c48ab20843cb3d749e6177569,0xcbd6832ebc203e49e2b771897067fce3c58575ac,None,0,0,16864047886739000,21000,6539624441,21000,0x,None,0,4936957716,None,None,None,None,None
20000000,1717281407,0x66b2fdc45d87644811937b78bc7a4d4d230c93b834230a352bd7c35c2a46514a,0x45fac002da1c0b7cd2c972f936b1fba58cdca678,0xcbd6832ebc203e49e2b771897067fce3c58575ac,None,0,0,49862667886739000,21000,6539624441,21000,0x,None,0,4936957716,None,None,None,None,None
20000000,1717281407,0xb410037d1dcdff7bc1b92ff200cf6863095a86d6de3e0a8f5a8b87c42b1e87b6,0xcb1ada11b21fe066dcb91a12cb8195fafa50420b,0xb0999731f7c2581844658a9d2ced1be0077b7397,None,0,0,20000000000000000,53793,6436957716,21000,0x,None,2,4936957716,9248337109,1500000000,None,None,None
20000000,1717281407,0xd8591e53c8eedb491ab4cd0e180729967b902c878e9dae96cc9324ce7d067baa,0x338b9920971dcaf5b6d83b6b292231110d3bec40,0x79c06846633123d23ed6a71c456bb2ff09129938,None,0,1,0,50620,6436957716,48388,0x77563246,None,2,4936957716,11508050242,1500000000,None,None,None
20000000,1717281407,0x7a14890b2450db4a445f6bdf8d8c6842e44cc3d24f68779b7fe0a353ccec755b,0x478381e7cde64b743267051600aa4dcbb3c7d349,0x7f792db54b0e580cdc755178443f0430cf799aca,None,0,1,0,55096,6406065619,54298,0xa9059cbb,None,0,4936957716,None,None,None,None,None
20000000,1717281407,0xa4d658c590210fd6adfec8121b1ff00f22466f1d4af00abbb355b15736bf9696,0xcef78848d01d522ab7b53e3d7382d36f6c3c2f23,0x6ebe066da43605ed52d6e7eaaf6bd0dc64758238,None,0,0,0,21000,6153847946,21000,0x,None,0,4936957716,None,None,None,None,None
20000000,1717281407,0xa5a46b1ba1758c4f406605f077b44b79310ac58f547bacffd1295b66842d4196,0xe0fa8dc4f284f12e0361f8ad3e5d26a060b60e60,0x6463fdae77d09d92d72b8a5418c54117abbc0f21,None,0,0,680577643530000,21000,6041315878,21000,0x,None,0,4936957716,None,None,None,None,None
20000000,1717281407,0x9f55bcb15e15940312ef163ef4f423bcf68387aa3c1de3aafc9c090b88c20d3d,0x4e14df2b1fa2f938171363a7461ea00389f2f337,0xdac17f958d2ee523a2206206994597c13d831ec7,None,0,1,0,80000,6000600000,63209,0xa9059cbb,None,0,4936957716,None,None,None,None,None
20000000,1717281407,0x4a04d31c11571854242d547925169b736e7af84df7df4114f9b4609a23571a5d,0xb2882dbba1d8c1549bdde1dad3d26c1e307c3c73,0x3fc91a3afd70395cd496c647d5a6cc9d4b2b7fad,None,0,1,0,384369,5936957716,285010,0x3593564c,None,2,4936957716,7205609057,1000000000,None,None,None
20000000,1717281407,0xa0292d7759b1fcc0609430f09c4708e2e2285835480d9db7c4c400ac4b296642,0x0244f7204b9c554306053cc557e14d6cbd40a33c,0xffff000000000000000000000000000000012553,None,0,0,0,21528,5936957716,21528,0xea3ff2df,None,2,4936957716,11008050242,1000000000,None,None,None
20000000,1717281407,0x4f1ef3d000e8e62f4d20a18a851d8fd3cbab6f06c1c6f457b85eeba458fc646c,0x579f82db0dcb0c8d775268fc364f7a8bce6b024d,0xc6a37968f10187d0bf1af15875d01f89943ad5dc,None,0,0,0,21000,5936957716,21000,0x,None,2,4936957716,6105127871,1000000000,None,None,None
20000000,1717281407,0xfad664939936c015ecbd60453790b63158af1ebe0bb519fb8b4418fb859c8114,0x0c1296145b7f0899647ddb640592f53345d1d7bd,0x3fc91a3afd70395cd496c647d5a6cc9d4b2b7fad,None,0,1,0,235684,5936957716,163906,0x3593564c,None,2,4936957716,7205609057,1000000000,None,None,None
20000000,1717281407,0x57c3a3feaa74df39fdb9e50d30261a65c240afcb9bf91cb68c0572aefe9f2865,0x3415142c25e9407351419dc28eaa00dd6d175157,0xa9d1e08c7793af67e9d92fe308d5697fb81d3e43,None,0,1,269083960859767215,23300,5936957716,21055,0x,None,2,4936957716,12000000000,1000000000,None,None,None
20000000,1717281407,0x84048f613ab9afd60ae4b7d2de1b6a33ca596a78e03c75649c58642a49677042,0x1e1247dcef65656f29f670656dc37a92354fd640,0x3cd751e6b0078be393132286c442345e5dc49699,None,0,0,69898928077123960,21000,5936957716,21000,0x,None,2,4936957716,12000000000,1000000000,None,None,None
20000000,1717281407,0xbc4c199f166f6664c5cb7df062ed219e7163639378025b3f20d6515f527cf179,0xa64961b4be05f2d81345c8b414b47950d2a7accb,0xa9d1e08c7793af67e9d92fe308d5697fb81d3e43,None,0,1,69843460260349505,23300,5936957716,21055,0x,None,2,4936957716,12000000000,1000000000,None,None,None
20000000,1717281407,0xf2c1cae73df0b5ead6b6b05a4119a07b0270e83e627c2f6af2245c3cb362c764,0x5e137b7af71f8c532e20d0bcc1dcf0845ebbc874,0xa9d1e08c7793af67e9d92fe308d5697fb81d3e43,None,0,1,199871817711935770,23300,5936957716,21055,0x,None,2,4936957716,12000000000,1000000000,None,None,None
20000000,1717281407,0x38368d4c8aa9ae145257c4a908f1009838ad3bcf0571f0d1a55ea2e068c162ab,0x4d6db10109afe8f761ed76864848e16e8cc36925,0xa9d1e08c7793af67e9d92fe308d5697fb81d3e43,None,0,1,275872792189986550,23300,5936957716,21055,0x,None,2,4936957716,12000000000,1000000000,None,None,None
20000000,1717281407,0x002c4d17aa87a54ebc1627a34f1e279e0ccef753c65d819e6724569a6dee1c8e,0x451687f0396a77be406bc7a2bfba0ee396171ff7,0x3cd751e6b0078be393132286c442345e5dc49699,None,0,0,69913224836098000,21000,5936957716,21000,0x,None,2,4936957716,12000000000,1000000000,None,None,None
20000000,1717281407,0xc6e1aadf71a152f09f3bebfdba9501c0fff63e09fbed3d18f05eb3ca97e14b1a,0x98dcdc36e3b2d8215704f0ee0de26b2653a0ad2a,0xa9d1e08c7793af67e9d92fe308d5697fb81d3e43,None,0,1,69836306838880115,23300,5936957716,21055,0x,None,2,4936957716,12000000000,1000000000,None,None,None
20000000,1717281407,0x8bec90278f4ab757d06efd61884fe7092fc4958c35558e66e557854ba5c6140a,0x5dfc4ef3bb128e719886b19f1eef880f07952f06,0xa9d1e08c7793af67e9d92fe308d5697fb81d3e43,None,0,1,69818232349820810,23300,5936957716,21055,0x,None,2,4936957716,12000000000,1000000000,None,None,None
20000000,1717281407,0xa2bd3063a803d334c98f506ffd7bcf5739aa404a5900ff8697337cc6e42ac3ac,0xb7cf77425ea85d76580ae63a39c6b436555a91a0,0xa9d1e08c7793af67e9d92fe308d5697fb81d3e43,None,0,1,69817321413721000,23300,5936957716,21055,0x,None,2,4936957716,12000000000,1000000000,None,None,None
20000000,1717281407,0x324f6dd8b9f73aadd8ed312fa2a6f236ecfc32be03e346763d375530a1b76918,0x9ec097f9f84d97a8cab78886e376b57ac38162d1,0xa9d1e08c7793af67e9d92fe308d5697fb81d3e43,None,0,1,69855781703442890,23300,5936957716,21055,0x,None,2,4936957716,12000000000,1000000000,None,None,None
20000000,1717281407,0xf78d9927b3878c212900622d46582090d352347230af5a19ab7bf7b13574089f,0xbf2a470e596ceb9dbcb4e5e2c34eaa453dc2fd5d,0xa9d1e08c7793af67e9d92fe308d5697fb81d3e43,None,0,1,69873326698918000,23300,5936957716,21055,0x,None,2,4936957716,12000000000,1000000000,None,None,None
20000000,1717281407,0x0859d532dca6e65dc71ec72d854c3b4631b9be2e3110450bba18135086320ca3,0x15347cfc7c897ab22ce9cce38a2a3ea0cc7e3b7a,0x313020b40850cd90507580893cfd79df86652d1e,None,0,0,126104897541000,21000,5936957716,21000,0x,None,2,4936957716,6004995121,1000000000,None,None,None
20000000,1717281407,0x784dfe4fc6db78c18920bf00f1b208a174a07d4a662041d36b1ce9c62d49b91b,0x188b96671be60de807e6bd9cfe14afb967e7af7b,0x3cd751e6b0078be393132286c442345e5dc49699,None,0,0,69857160536485000,21000,5936957716,21000,0x,None,2,4936957716,12000000000,1000000000,None,None,None
20000000,1717281407,0x922067714005d81e78542bbfb9ca3f6681fa21de3e1de49efe1313950ef8ff0d,0x276760336fd5452c463abd39ab960eb20a946249,0xa9d1e08c7793af67e9d92fe308d5697fb81d3e43,None,0,1,69748007408854000,23300,5936957716,21055,0x,None,2,4936957716,12000000000,1000000000,None,None,None
20000000,1717281407,0x6c45e16699735bfeb39880a135fe98da8e4ab8d61d690de44605cff4e437db9e,0x5a18578fcac16bba1951c52258137587b42eedca,0xa9d1e08c7793af67e9d92fe308d5697fb81d3e43,None,0,1,69771843328817739,23300,5936957716,21055,0x,None,2,4936957716,12000000000,1000000000,None,None,None
20000000,1717281407,0xe7bf7285ef85f593e4a26c37336f6a75f67963b574b50bcd3f7a73e262c5ada1,0x8da60c2dfae07e108542ea0b4727c06cbe48f914,0x3cd751e6b0078be393132286c442345e5dc49699,None,0,0,69892178207656000,21000,5936957716,21000,0x,None,2,4936957716,12000000000,1000000000,None,None,None
20000000,1717281407,0xbd6a7d6d1f6083a8f03b298fff32e4ebb12523f7ecb417e108fff3006e73741a,0x8eb67b0b3dab0f6e838e4806d28f1b570f077332,0x3cd751e6b0078be393132286c442345e5dc49699,None,0,0,69878027782992998,21000,5936957716,21000,0x,None,2,4936957716,12000000000,1000000000,None,None,None
20000000,1717281407,0xdb1163895c0a1992fac8efa3da585d34c14199bdfa2268595d617473f6b3484e,0x1238a42ad2267e2834cc7524053a6af8fa44815e,0x3cd751e6b0078be393132286c442345e5dc49699,None,0,0,69914050748772740,21000,5936957716,21000,0x,None,2,4936957716,12000000000,1000000000,None,None,None
20000000,1717281407,0xf5a1fd2584c997802f00b1048d5de1bbe184e104ca5193ef67c0e51d928e637e,0xedb853051f91fcbd34520957c062f7dcc5a4fed3,0xa9d1e08c7793af67e9d92fe308d5697fb81d3e43,None,0,1,69845156796655000,23300,5936957716,21055,0x,None,2,4936957716,12000000000,1000000000,None,None,None
20000000,1717281407,0xf420c24d2335f3e50fd2e755ecc1f34d2bc74a0df362a6e04a455ba04012ee5f,0x000000629fbcf27a347d1aeba658435230d74a5f,0x68d30f47f19c07bccef4ac7fae2dc12fca3e0dc9,None,0,1,0,3000000,5936957716,305345,0x10d008bd,None,2,4936957716,11008050242,1000000000,None,None,None
20000000,1717281407,0x7aff1755fb92839df5da3798bd011a36f9f50cdfbb20881d9d74ad328acadc53,0xbe5a8eff2c633f805d99e5cc2b759db0c96303f1,0x27899fface558bde9f284ba5c8c91ec79ee60fd6,None,0,0,21764830963621000,21000,5832799845,21000,0x,None,2,4936957716,7451399535,895842129,None,None,None
20000000,1717281407,0x48966c818022e9226b001d87df58d75d8f3fc1a67a44b6dabc45a5ffa4d69af7,0xa0d1b51279416ef35f2f01f6cfb7d45db75deaee,0x27899fface558bde9f284ba5c8c91ec79ee60fd6,None,0,0,112776761869306000,21000,5832799845,21000,0x,None,2,4936957716,7451399535,895842129,None,None,None
20000000,1717281407,0x186df652f3c7b8f54adfd7d137a61b20d350e9651f0c1e2d1ad8bf85aec3f95e,0x024054a2bf34bc78a15c8616dab640df4d48f457,0x27899fface558bde9f284ba5c8c91ec79ee60fd6,None,0,0,120871171718068000,21000,5765616835,21000,0x,None,2,4936957716,7384216525,828659119,None,None,None
20000000,1717281407,0xf4860bc09de37b728886cfd25c7e16d74f8d366961a7f0f13d26763d77c7b452,0x4a2be53516f33304b3b88f848ea819f70a5cb67c,0xb4d139c3b66189a41f0223becdd945847d6adb04,None,0,0,53801640000000000,21000,5765616835,21000,0x,None,2,4936957716,7384216525,828659119,None,None,None
20000000,1717281407,0xe5cc0e12c11f6ff9c61e68cbbc39f83f691f0324a7eb218386e9dba9edb9f6d1,0x0ada071cad8e8af4cd4fec3bf38d2d60db3bb8d0,0x27899fface558bde9f284ba5c8c91ec79ee60fd6,None,0,0,191905724309210980,21000,5765616835,21000,0x,None,2,4936957716,7384216525,828659119,None,None,None
20000000,1717281407,0x4e99e2818a50862124bf0b437ff71e5e9333e46d66162bb68396cd3d8f84f8fc,0xe492fc3c3c49576a2075607b0d1e5732d3b52be9,0x27899fface558bde9f284ba5c8c91ec79ee60fd6,None,0,0,279905724309211000,21000,5765616835,21000,0x,None,2,4936957716,7384216525,828659119,None,None,None
20000000,1717281407,0xa129d13c79fea2856794c3ab12930307817a04089767044ebf888125642fbe0c,0x6e89f1912ee222b721c7877389565f6707847981,0xe9c219f171930e2492ecbecdf7181bb50c4905f0,None,0,0,10000000000000,21000,5598242633,21000,0x,None,0,4936957716,None,None,None,None,None
20000000,1717281407,0x24ffa3901718aa0ef928ed5c4020f216d0ff7ebd9029c2fc57ddcbaad48ff16b,0x15c5533cd06b74ad5ff459ff00ea5ef4c4f7d3a6,0x8a15d7d37b18f7665681828ce2c1fd0c7b29cffd,None,0,0,1063119071000000,21000,5436957716,21000,0x,None,2,4936957716,7444075740,500000000,None,None,None
20000000,1717281407,0x559c656b6e3a40649048dbd2363709294e049079827194914f7f5ab522a10c2c,0x26fa33331e43e847d3dd4a2a92ed93eb00510004,0x8bd47518f441076523005ccc22d98b5929e64c6c,None,0,0,10000000000000000,21000,5428915904,21000,0x,None,2,4936957716,8395212835,491958188,None,None,None
20000000,1717281407,0xec0a4ea2b047ae5742cbf5844389a4e746af269891f67e9e9460097f56327248,0xc333b76845bdf806369ef0f00134559988aa985c,0x87c55d48df6ef7b08153ab079e76bfecbb793d75,None,0,1,0,8000000,5428915904,119436,0xb1dc65a4,None,2,4936957716,5495983309,491958188,None,None,None
20000000,1717281407,0xeeb50cf814fc3809f59851d7cdde7ddf252f15bbcf79f701a3a44e8c76e23263,0xc8f3f8932c4de65ed17a3c522029b9b613ad9151,0x18aaa7115705e8be94bffebde57af9bfc265b998,None,0,1,0,42002,5395094344,41803,0xa9059cbb,None,2,4936957716,8114373435,458136628,None,None,None
20000000,1717281407,0x3af16ae2b82bec113fca34f113ad08f1c39c1ed8dfae21a8231a6b4018469f20,0x974caa59e49682cda0ad2bbe82983419a2ecc400,0x803aafdcd39d2f155571d9eab33b851fa6d405c5,None,0,0,14393500000000000,105000,5245415925,21000,0x,None,0,4936957716,None,None,None,None,None
20000000,1717281407,0x155907831d7fed30d2e0d637a8fbf7ed32d63513d337235e03ee62345dfe89b9,0x85a31749b3b85d531484ac572203e9373462eff7,0x3fc91a3afd70395cd496c647d5a6cc9d4b2b7fad,None,0,1,0,326386,5172310881,260883,0x3593564c,None,2,4936957716,5172310881,5172310881,None,None,None
20000000,1717281407,0x13bb339e6275b426676a9091d901bfbd84d2707787d39a066c891e0f608f145e,0x974caa59e49682cda0ad2bbe82983419a2ecc400,0xdac17f958d2ee523a2206206994597c13d831ec7,None,0,1,0,1050000,5105127871,46109,0xa9059cbb,None,0,4936957716,None,None,None,None,None
20000000,1717281407,0xd1490260caa35779ffd1c50b3b5ebe2381efcac9b5072214624669f37be5795c,0x974caa59e49682cda0ad2bbe82983419a2ecc400,0x5cd76e5992921d682a44b768c683f2aa5e36ac79,None,0,0,101162950000000000,105000,5172310881,21000,0x,None,0,4936957716,None,None,None,None,None
20000000,1717281407,0xe433035564bafbd422e48948a49ce8799ce49b010d27eb0fc5dcaf54788ef973,0x974caa59e49682cda0ad2bbe82983419a2ecc400,0xeda054fe3c3e4f8615c428eb609ef0f441229daf,None,0,0,10861852850100000,21000,5105127871,21000,0x,None,0,4936957716,None,None,None,None,None
20000000,1717281407,0x60e28617b80049be5d96135e20c00ce28fafe0e04a287554fe6c1337972cbed2,0x974caa59e49682cda0ad2bbe82983419a2ecc400,0xdac17f958d2ee523a2206206994597c13d831ec7,None,0,1,0,1050000,5172310881,63209,0xa9059cbb,None,0,4936957716,None,None,None,None,None
20000000,1717281407,0x392f8e4d7ab55f30778bc5e6163f636237f0625bfbc7c5831bbed007bc499eff,0x59f5495cfa50d591977d0b85de327d8910d3d902,0xad4f86a25bbc20ffb751f2fac312a0b4d8f88c64,None,0,1,0,32414,5041315878,29119,0x095ea7b3,None,0,4936957716,None,None,None,None,None
20000000,1717281407,0x805d09c0ee3b35bfc2b86a59d82364e272c911f1ca4606f4533b87f3f9b39c61,0x8705593c686823d1295339a7de65046f85282fd5,0x7e5b542ae7ec1b89a5478dc12f86cf43ced616bd,None,0,0,128298056103000,21000,5036957716,21000,0x,None,2,4936957716,6109431243,100000000,None,None,None
20000000,1717281407,0xbaa3715efaec29dde2aebfd397174773ba4c2f89477f94acf4c9f7a392bec1aa,0xc71048d303920c73c29705192393c567ac4e6c67,0x65a8b32bc4de5e0156dba85ce615d9ef8ea59780,None,0,1,0,266820,5036957716,167201,0x0f671c79,None,2,4936957716,5100000000,100000000,None,None,None
20000000,1717281407,0x666db9f2256bf66c870adf43cd051e4e99f68c4226fff76ee3bdb1045ae1c928,0x44f9ae13cee696468f5fbd8c9e1bccc253c99c72,0xf5c80c305803280b587f8cabbccdc4d9bf522abd,None,0,1,0,165742,5036957716,122155,0xa694fc3a,None,2,4936957716,7000000000,100000000,None,None,None
20000000,1717281407,0xc92a1cc25b889f9d13efffb91d67539b6f247654f76ee00726d769d02f250f02,0x8705593c686823d1295339a7de65046f85282fd5,0x5d38bf2304778fe4871ec20bbf2aacf99f15245e,None,0,0,128119189506000,21000,5036957716,21000,0x,None,2,4936957716,6100913786,100000000,None,None,None
20000000,1717281407,0x188bdc00697824f90f4f10b41413e977c53711a338e89f318e21663cb419f2aa,0x4230cfa07bd310c77486769bf994a8b085125fd0,0x8154f94fd9a4cb9f1a4209ebacda41b4a9480856,None,0,0,230112996253891000,21000,5036957716,21000,0x,None,2,4936957716,6890000000,100000000,None,None,None
20000000,1717281407,0x534dae2cab0634690ad0a0be414cb9074f53d36ef0d074f3763cab5cad9d6b8b,0x24ff222329acb8100d475fc3840ebc7c4a39282a,0xc555d625828c4527d477e595ff1dd5801b4a600e,None,0,1,0,89428,5036957716,36972,0xa9059cbb,None,2,4936957716,5100000000,100000000,None,None,None
20000000,1717281407,0x6b419fcf48c1dab13532454ad710aca757b72ee59e9d0cf17322b151579777f0,0x467d3fdfa62f51fe7e6ac8ca283f90090031d236,0xa45c2b09de77833620256aab4b9b29e1889b17df,None,0,0,2527692600000000,21000,5036957716,21000,0x,None,2,4936957716,5100000000,100000000,None,None,None
20000000,1717281407,0x8400bdadaf54699b14c802daaef902155be80cb2e4406f20107a5f86b042de04,0x710bda329b2a6224e4b44833de30f38e7f81d564,0xb8901acb165ed027e32754e0ffe830802919727f,None,0,1,0,500000,5026957716,140447,0x23c452cd,None,2,4936957716,11598050242,90000000,None,None,None
20000000,1717281407,0xf9dad6674c28a20cacfa1f7d26fa802e37c8dd4f363176ed36217191d037c532,0x4a0d43c8c2e02114450eaecbad1b18fc03771c06,0xc02953f316c5c18808e2d3961424f952788d69f5,None,0,0,19999050487900000,100000,5004995121,21000,0x,None,1,4936957716,None,None,None,None,None
20000000,1717281407,0x0e6beae5bc5603fb4a49f4b1ab5ff7968e297c42eaff3a78a95fb8e61b0ae46d,0xc94ebb328ac25b95db0e0aa968371885fa516215,0xb225e52ad1af9bd54526e55dfb733fa5a7d32a89,None,0,0,680160377658228121,21000,5004995121,21000,0x,None,0,4936957716,None,None,None,None,None
20000000,1717281407,0x56cbfdd16854c44fde3309e47f8680a3e6ab50f47de72ca348e7129846704e4e,0x8e79384d71813f19937bd9c91f3d341e57efc2d6,0xfec97451f406a90e4262c45ddd29c0db53a3a6d0,None,0,1,0,97063,5004995121,59611,0xa9059cbb,None,0,4936957716,None,None,None,None,None
20000000,1717281407,0x54002f3747384fc1bc0b8c38428db930d9866d369d40fd33bc6f29f3f1f13ee8,0xa4e5961b58dbe487639929643dcb1dc3848daf5e,0xcb2935409c430c0131d0feef2d25bc76179e4773,None,0,0,2500000000000000,22000,5000000000,21000,0x,None,0,4936957716,None,None,None,None,None
20000000,1717281407,0x70ee3e2675185e1b4d07fc2d3b4f68e9785a79d1642cbe10a25fad11b070950d,0xa4e5961b58dbe487639929643dcb1dc3848daf5e,0x779216f8aa982c7c891617a271737f5c46849844,None,0,0,3500000000000000,22000,7000000000,21000,0x,None,0,4936957716,None,None,None,None,None
20000000,1717281407,0xf2d1701b3aecd0afd867ea26fc3629a225e4fe3eefb8fd57a9fd6dcb794282d1,0xcd2a9794f82f05af125aefaeec3ccd6b4945de4e,0xd14b84ea3c3039e70aab5783306f28d2466b84a8,None,0,0,540000000000000000,21000,5000000000,21000,0x,None,2,4936957716,5000000000,500000000,None,None,None
20000000,1717281407,0x07bf09014576a3ae15a7703ab397748c9b21e75a9df27f971c503d74380e9919,0x770bcc36788833c8d67f7c7a9754887794576277,0xff79c6d0be48ea4a8149803dbb91ac99bd5f6a6b,None,0,0,2000000000000000,21000,5000000000,21000,0x,None,0,4936957716,None,None,None,None,None
20000000,1717281407,0xa2267f11b454bfbc5a5471646282ab4bd561400a19a278e8ff0c8a83ee818690,0xf7c04a39e47c7ea9d6888f9389ea85846e22ae1a,0x49048044d57e1c92a77f79988d21fa8faf74e97e,None,0,1,0,833832,5000000000,211714,0x8c3152e9,None,0,4936957716,None,None,None,None,None